{
    "duration_days": 180,
    "total_dose_mSv": 178.0363444755723,
    "daily_dose_mSv": 0.9890908026420683,
    "extrapolated_annual_mSv": 361.0181429643549,
    "radiation_stats": {
        "mean": 41.21211677675287,
        "median": 33.180854370923484,
        "std": 40.736359627536295,
        "min": 7.894364322885345,
        "max": 1089.883325447566,
        "range": 1081.9889611246806,
        "count": 17280
    },
    "timestamp": "2025-11-09T21:18:54.029125"
}