{
    "duration_days": 180,
    "total_dose_mSv": 178.71594602564107,
    "daily_dose_mSv": 0.9928663668091171,
    "extrapolated_annual_mSv": 362.39622388532774,
    "radiation_stats": {
        "mean": 41.36943195037988,
        "median": 33.12675977836989,
        "std": 46.13492622659528,
        "min": 5.199945114211107,
        "max": 1450.9278252556055,
        "range": 1445.7278801413945,
        "count": 17280
    },
    "timestamp": "2025-11-09T21:38:07.824527"
}